niche,profiles,median_price_usd,free_to_follow_share,average_likes
Latina,614,7,0.44,61019
Asian,611,7.99,0.45,64559
Ebony,609,8.99,0.49,20010
Indian,324,9.99,0.48,25318
Black,608,9,0.41,51213
Desi,173,8,0.58,53654
Redhead,612,8.24,0.48,34041
Blonde,617,8,0.43,81695
Brunette,612,8.88,0.51,63631
Petite,606,6.99,0.39,85102
Curvy,620,6.5,0.39,73699
BBW,618,7,0.43,32857
MILF,494,6.49,0.37,117256
GILF,127,10,0.5,23914
Mature,450,8.99,0.42,10989
Cosplay,615,7.5,0.37,88092
Fitness,619,9.99,0.48,69357
Gamer Girl,612,5.5,0.45,274048
Goth,619,7.99,0.43,32478
Emo,287,8,0.56,36823
Tattooed,623,9.98,0.39,39479
Couples,458,9.75,0.49,60173
Amateur,609,7.69,0.42,48905
Lesbian,586,9.75,0.48,54776
Gay,524,7.99,0.31,17762
Trans,567,7.5,0.31,42027
Lingerie,624,7.5,0.34,97622
Bikini,627,10,0.41,64964
Yoga,618,9.09,0.55,55316
Nurse,617,8.99,0.46,41513
Cougar,232,9,0.38,16996
Tomboy,127,6,0.82,88742
Baddie,691,10,0.36,32155
Girl Next Door,611,6.02,0.39,162774
E Girl,703,5.94,0.43,254229
Fashion Model,615,7,0.4,118837
Big Tits,620,6,0.48,249698