year,milestone
2016,Launched in London (Tim Stokely)
2018,Fenix International majority stake
2019,348k creators · $0.27B revenue
2020,COVID surge: 1.6M creators
2020,Bella Thorne $1M+ launch day
2021,SFW pivot announced + reversed in 6 days
2022,$5.55B revenue · 3.1M creators
2023,$6.63B revenue · 4.1M creators
2024,FY2024: $7.22B · 4.63M creators · 377.5M fans
2025,UK Online Safety Act fully enforced
2026,Owner Leonid Radvinsky dies (Mar 20) · control passes to family trust
2026,Architect Capital buys 16% stake at $3.15B valuation (May 8)